,owner__username,owner__first_name,owner__last_name,owner__cellphone,owner__dob,owner__parentname,owner__parentemail,owner__parentphone,school__province,school__name,school__natemis,worktitle,workfile,learnergrade,workformulafile,teachername,teacheremail,teacherphone,question1,question2,question3
0,salehzadeh@gmail.com,amirsaleh,salehzadeh,0724547056,2011-12-22,sdf,,0744547056,EC,DANIEL PIENAAR TECH HIGH SCHOOL,200500116.0,asdfasd fasdf sd,works/1026968.jpg,Grade 8,,teacher name,amirsa_salehzadeh@yahoo.com,,q2 q1 q1 q1 q1 q1 q1 q1 q1 q1 q1q1 q1 q1q1 q1 q1 q1 q1 q1 q1 q1 q1 q1 q1 q1 q1 q1 q1 q1 q1 q1 q1 q1 q1 q1 q1 q1 q1 q1 q1 q1 q1 q1 q1 q1 q1 q1 q1 q1 q1 q1 q1 q1 q1 q1 q1 q2,q1 q1 q1 q1 q1 q1 q1 q1 q1 q1 q1 q1 q1 q1 q1 q1 q1 q1 q1 q1 q1 q1 q1 q1 q1 q1 q1 q1 q1 q1 q1 q1 q1 q1 q1 q1 q1 q1 q1 q1 q1 q1 q1 q1 q1 q1 q1 q1 q1 q1 q1 q1 q1 q1 q1 q1 q1 q1 q1 q1,q1 q1 q1 q1 q1 q1 q1 q1 q1 q1 q1 q1 q1 q1 q1 q1 q1 q1 q1 q1 q1 q1 q1 q1 q1 q1 q1 q1 q1 q1 q1 q1 q1 q1 q1 q1 q1 q1 q1 q1 q1 q1 q1 q1 q1 q1 q1 q1 q1 q1 q1 q1 q1 q1 q1 q1 q1 q1 q1 q1
1,test33@test.com,amirsaleh,salehzadeh,0724547056,2011-12-06,sdf,,0744547056,EC,PRIMARY SCHOOL SETLAARSPARK,200600361.0,asdfadsf,,Grade 8,formulas/download.jpg,sdfsdf,json.denton@outlook.com,,a1 a1 a1 a1 a1 a1 a1 a1 a1 a1 a1 a1 a1 a1 a1 a1 a1 a1 a1 a1 a1 a1 a1 a1 a1 a1 a1 a1 a1 a1 a1 a1 a1 a1 a1 a1 a1 a1 a1 a1 a1 a1 a1 a1 a1 a1 a1 a1 a1 a1,a1 a1 a1 a1 a1 a1 a1 a1 a1 a1 a1 a1 a1 a1 a1 a1 a1 a1 a1 a1 a1 a1 a1 a1 a1 a1 a1 a1 a1 a1 a1 a1 a1 a1 a1 a1 a1 a1 a1 a1 a1 a1 a1 a1 a1 a1 a1 a1 a1 a1,
2,test22@test.com,amirsaleh,salehzadeh,0724547056,2011-12-14,SDSDFDF,,0744547056,EC,PRIMARY SCHOOL SETLAARSPARK,200600361.0,11 asdfadsf,works/87015522_137390304439227_3270466791012302848_o_xBMwT8D.jpg,Grade 10,,sdfsdf,json.denton@outlook.com,,a1a a1a a1a a1a a1a a1a a1a a1a a1a a1a a1a a1a a1a a1a a1a a1a a1a a1a a1a a1a a1a a1a a1a a1a a1a a1a a1a a1a a1a a1a a1a a1a a1a a1a a1a a1a a1a a1a a1a a1a a1a a1a a1a a1a a1a a1a a1a a1a a1a a1a a1a,a1a a1a a1a a1a a1a a1a a1a a1a a1a a1a a1a a1a a1a a1a a1a a1a a1a a1a a1a a1a a1a a1a a1a a1a a1a a1a a1a a1a a1a a1a a1a a1a a1a a1a a1a a1a a1a a1a a1a a1a a1a a1a a1a a1a a1a a1a a1a a1a a1a a1a a1a,a1a a1a a1a a1aa1a a1a a1a a1a a1a a1a a1a a1a a1a a1a a1a a1a a1a a1a a1a a1a a1a a1a a1a a1a a1a a1a a1a a1a a1a a1a a1a a1a a1a a1a a1a a1a a1a
3,test44@test.com,amirsaleh,salehzadeh,0724547056,2011-12-01,cxczxc xz,,0744547056,,,,aaaa,works/wallpaper-websites-pexels_gsrGY8z.jpg,,,,,,,,
4,sdeh@gmail.com,amirsaleh1,salehzadeh,0724547056,2011-12-22,sdf,,0724547056,WC,WELGEMEEND NGK PRIMARY SCHOOL,138347299.0,asdfasd fasdf sd,,Grade 8,,teacher name,amirsa_salehzadeh@yahoo.com,,q2 q1 q1 q1 q1 q1 q1 q1 q1 q1 q1q1 q1 q1q1 q1 q1 q1 q1 q1 q1 q1 q1 q1 q1 q1 q1 q1 q1 q1 q1 q1 q1 q1 q1 q1 q1 q1 q1 q1 q1 q1 q1 q1 q1 q1 q1 q1 q1 q1 q1 q1 q1 q1 q1 q1 q1 q2,q1 q1 q1 q1 q1 q1 q1 q1 q1 q1 q1 q1 q1 q1 q1 q1 q1 q1 q1 q1 q1 q1 q1 q1 q1 q1 q1 q1 q1 q1 q1 q1 q1 q1 q1 q1 q1 q1 q1 q1 q1 q1 q1 q1 q1 q1 q1 q1 q1 q1 q1 q1 q1 q1 q1 q1 q1 q1 q1 q1,q1 q1 q1 q1 q1 q1 q1 q1 q1 q1 q1 q1 q1 q1 q1 q1 q1 q1 q1 q1 q1 q1 q1 q1 q1 q1 q1 q1 q1 q1 q1 q1 q1 q1 q1 q1 q1 q1 q1 q1 q1 q1 q1 q1 q1 q1 q1 q1 q1 q1 q1 q1 q1 q1 q1 q1 q1 q1 q1 q1
5,tes@test.com,amirsaleh2,salehzadeh,0724547056,2011-12-14,SDSDFDF,,0724547056,KZN,LITTLE DARLINGS EDUCARE CENTRE,500224701.0,22 asdfadsf,,Grade 10,,sdfsdf,json.denton@outlook.com,,a1a a1a a1a a1a a1a a1a a1a a1a a1a a1a a1a a1a a1a a1a a1a a1a a1a a1a a1a a1a a1a a1a a1a a1a a1a a1a a1a a1a a1a a1a a1a a1a a1a a1a a1a a1a a1a a1a a1a a1a a1a a1a a1a a1a a1a a1a a1a a1a a1a a1a a1a,a1a a1a a1a a1a a1a a1a a1a a1a a1a a1a a1a a1a a1a a1a a1a a1a a1a a1a a1a a1a a1a a1a a1a a1a a1a a1a a1a a1a a1a a1a a1a a1a a1a a1a a1a a1a a1a a1a a1a a1a a1a a1a a1a a1a a1a a1a a1a a1a a1a a1a a1a,a1a a1a a1a a1aa1a a1a a1a a1a a1a a1a a1a a1a a1a a1a a1a a1a a1a a1a a1a a1a a1a a1a a1a a1a a1a a1a a1a a1a a1a a1a a1a a1a a1a a1a a1a a1a a1a
6,t4@test.com,amirsaleh3,salehzadeh,0724547056,2011-12-01,cxczxc xz,,0724547056,FS,TOBA PS,443611282.0,aaaa,,Grade 8,,sdfsdf,json.denton@outlook.com,,a1a a1a a1a a1a a1a a1a a1a a1a a1a a1a a1a a1a a1a a1a a1a a1a a1a a1a a1a a1a a1a a1a a1a a1a a1a a1a a1a a1a a1a a1a a1a a1a a1a a1a a1a a1a a1a a1a a1a a1a a1a a1a a1a a1a a1a a1a a1a a1a a1a a1a a1a,a1a a1a a1a a1a a1a a1a a1a a1a a1a a1a a1a a1a a1a a1a a1a a1a a1a a1a a1a a1a a1a a1a a1a a1a a1a a1a a1a a1a a1a a1a a1a a1a a1a a1a a1a a1a a1a a1a a1a a1a a1a a1a a1a a1a a1a a1a a1a a1a a1a a1a a1a,a1a a1a a1a a1a a1a a1a a1a a1a a1a a1a a1a a1a a1a a1a a1a a1a a1a a1a a1a a1a a1a a1a a1a a1a a1a a1a a1a a1a a1a a1a a1a a1a a1a a1a a1a a1a a1a a1a a1a a1a a1a a1a a1a a1a a1a a1a a1a a1a a1a a1a a1a
7,test333@test.com,amirsaleh,salehzadeh,0744547056,2011-12-22,amirsaleh salehzadeh,,0744547056,WC,OUPLAAS EK PRIMARY SCHOOL,106493457.0,ffff,works/download.jpg,Grade 8,,asdfas,asdf@csdd.com,,"Well organized and easy to understand Web building tutorials with lots of examples of how to use HTML, CSS, JavaScript, SQL, PHP, Python, Bootstrap, JavaWell organized and easy to understand Web building tutorials with lots of examples of how to use HTML, CSS, JavaScript, SQL, PHP, Python, Bootstrap, JavaWell organized and easy to understand Web building tutorials with lots of examples of how to use HTML, CSS, JavaScript, SQL, PHP, Python, Bootstrap, JavaWell organized and easy to understand Web building tutorials with lots of examples of how to use HTML, CSS, JavaScript, SQL, PHP, Python, Bootstrap, Java","Well organized and easy to understand Web building tutorials with lots of examples of how to use HTML, CSS, JavaScript, SQL, PHP, Python, Bootstrap, Java Well organized and easy to understand Web building tutorials with lots of examples of how to use HTML, CSS, JavaScript, SQL, PHP, Python, Bootstrap, Java","Well organized and easy to understand Web building tutorials with lots of examples of how to use HTML, CSS, JavaScript, SQL, PHP, Python, Bootstrap, Java Well organized and easy to understand to understand to understand"
8,test443@test.com,amirsaleh,salehzadeh,0744547056,2011-12-13,amirsaleh salehzadeh,,0724547056,,,,,,,,,,,,,
9,test414@test.com,amirsaleh,salehzadeh,0724547056,2011-12-15,amirsaleh salehzadeh,,0744547056,,,,,,,,,,,,,
10,test448@test.com,amirsaleh,salehzadeh,0724547056,2011-12-15,amirsaleh salehzadeh,,0744547056,WC,KLAASVOOGDS PRIMARY SCHOOL,109320609.0,sdfsdf,works/87015522_137390304439227_3270466791012302848_o_nWhZOVw.jpg,Grade 12,,sdfsdf,amirsa_salehzadeh@yahoo.com,,asfad asd  asdzx z a asfad asd  asdzx z a asfad asd  asdzx z a asfad asd  asdzx z a asfad asd  asdzx z a asfad asd  asdzx z a asfad asd  asdzx z a asfad asd  asdzx z a asfad asd  asdzx z a asfad asd  asdzx z a asfad asd  asdzx z a,asfad asd  asdzx z a asfad asd  asdzx z a asfad asd  asdzx z a asfad asd  asdzx z a asfad asd  asdzx z a asfad asd  asdzx z a asfad asd  asdzx z a asfad asd  asdzx z a asfad asd  asdzx z a asfad asd  asdzx z a asfad asd  asdzx z a asfad asd  asdzx z a asfad asd  asdzx z a,asfad asd  asdzx z a asfad asd  asdzx z a asfad asd  asdzx z a asfad asd  asdzx z a asfad asd  asdzx z a asfad asd  asdzx z a asfad asd  asdzx
11,test44z@test.com,amirsaleh,salehzadeh,0724547056,2011-12-15,amirsaleh salehzadeh,,0744547056,WC,OUPLAAS EK PRIMARY SCHOOL,106493457.0,,,Grade 8,,teacher name,aaa,,,,
12,test111@test.com,amirsaleh,salehzadeh,0724547056,2011-12-06,amirsaleh salehzadeh,,0744547056,WC,OUPLAAS EK PRIMARY SCHOOL,106493457.0,artwork name,works/unnamed.jpg,Grade 8,formulas/2.jpg,teach name,asdf@asdf.com,,q1 1 a1a 1a dkwe wsdsdv q1 1 a1a 1a dkwe wsdsdv q1 1 a1a 1a dkwe wsdsdv q1 1 a1a 1a dkwe wsdsdv q1 1 a1a 1a dkwe wsdsdv q1 1 a1a 1a dkwe wsdsdv q1 1 a1a 1a dkwe wsdsdv q1 1 a1a 1a dkwe wsdsdv q1 1 a1a 1a dkwe wsdsdv,q1 1 a1a 1a dkwe wsdsdv q1 1 a1a 1a dkwe wsdsdv q1 1 a1a 1a dkwe wsdsdv q1 1 a1a 1a dkwe wsdsdv q1 1 a1a 1a dkwe wsdsdv q1 1 a1a 1a dkwe wsdsdv q1 1 a1a 1a dkwe wsdsdv q1 1 a1a 1a dkwe wsdsdv q1 1 a1a 1a dkwe wsdsdv,q1 1 a1a 1a dkwe wsdsdv q1 1 a1a 1a dkwe wsdsdv q1 1 a1a 1a dkwe wsdsdv q1 1 a1a 1a dkwe wsdsdv q1 1 a1a 1a dkwe wsdsdv q1 1 a1a 1a dkwe wsdsdv
13,test4444@test.com,amirsaleh,salehzadeh,0744547056,2011-11-11,parent name,,03333333,MP,PRIMARY SCHOOL BADPLAAS,800026625.0,,,Grade 8,,teacher name,salehzadeh@gmail.com,,,,
14,test44sss@test.com,amirsaleh,salehzadeh,0744547056,2011-12-09,amirsaleh salehzadeh,,0744547056,MP,EKUKHANYENI PRIMARY SCHOOL (Badplaas),800000554.0,ddd,works/images.jpg,Grade 10,,sdfsdf,salehzadeh@gmail.com,,asdfa as dfzcxv zasdfa as dfzcxv zasdfa as dfzcxv zasdfa as dfzcxv zasdfa as dfzcxv zasdfa as dfzcxv zasdfa as dfzcxv zasdfa as dfzcxv zasdfa as dfzcxv zasdfa as dfzcxv zasdfa as dfzcxv zasdfa as dfzcxv zasdfa as dfzcxv zasdfa as dfzcxv zasdfa as dfzcxv zasdfa as dfzcxv zasdfa as dfzcxv zasdfa as dfzcxv z,asdfa as dfzcxv zasdfa as dfzcxv zasdfa as dfzcxv zasdfa as dfzcxv zasdfa as dfzcxv zasdfa as dfzcxv zasdfa as dfzcxv zasdfa as dfzcxv zasdfa as dfzcxv zasdfa as dfzcxv zasdfa as dfzcxv zasdfa as dfzcxv zasdfa as dfzcxv zasdfa as dfzcxv zasdfa as dfzcxv zasdfa as dfzcxv zasdfa as dfzcxv zasdfa as dfzcxv z,asdfa as dfzcxv zasdfa as dfzcxv zasdfa as dfzcxv zasdfa as dfzcxv zasdfa as dfzcxv zasdfa as dfzcxv zasdfa as dfzcxv zasdfa as dfzcxv zasdfa as dfzcxv zasdfa as dfzcxv zasdfa as dfzcxv zasdfa as dfzcxv z
15,test3773@test.com,amirsaleh,salehzadeh,0724547056,2011-12-23,sdf,,0744547056,,,,,,,,,,,,,
